PHO ST PAULS,Lunch
WAGAMAMA,Lunch
PRET A MANGER,Lunch
EAT,Lunch
TFL TRAVEL,Travel
MARKS & SPENCER,Grocery
SAINSBURY,Grocery
GOOGLE,Subscription
NETFLIX,Subscription
BELLA ITALIA,Dinner
EUROSTAR LONDON,Holiday
LEE SERVICE STATION,Travel
ST THOMAS HOSPITAL,Health Care
RYANAIR LTD,Holiday
VIRGIN ATLANTIC,Holiday
PORTLAND HOSPITAL,Health Care
DOCTORCALL,Health Care
CHRISTIAN DIOR,Fasion
VESTIAIRE COLLECTIVE,Fasion
TORY BURCH,Fasion
KAREN MILLEN,Fasion
DAVID LLOYD,Leisure
DVLA,TAX
JOHN LEWIS,General
AMAZON,General
REISS,Fasion
JAMIE'S ITALIAN,Dinner
IKEA,General
RIVER ISLAND,Fasion
TK MAXX,Fasion
THE STOKE HOUSE,Dinner
CITY CRUISES,Leisure
TOP SHOP,Fasion
ZARA,Fasion
PIZZA EXPRESS,Dinner
DIM T,Dinner
K10,Lunch
TED BAKER,Fasion
AMZN MKTP,General
BOOTS,General,
COTE RESTAURANT,DInner
STEAMPOWERED,Gaming
NATURAL KITCHEN,Lunch
COSTA,Coffee
HOP VIETNAMESE,Lunch
ITUNES,Subscription
BLACK SHEEP COFFEE,Coffee
STARBUCKS,Coffee
TESCO,Grocery
WAITROSE,Grocery
WASABI,Lunch
CAFFE CONCERTO,Dinner
CAFFE NERO,Coffee
BAD EGG,Lunch
GOURMET BURGER KITCHEN,Lunch
LEON,Lunch
MCDONALD'S,Lunch
NEO MARKETING,Business
NEW LOOK,Fasion
SE CANNON STREET,Travel
SLUG AND LETTUCE,Lunch
TAYLOR ST BARISTAS,Coffee
SPAGBOWL,Coffee
W H SMITH,General
SMYTHS TOYS,General